flight_id,dep_airport,arr_airport,scheduled_dep,actual_dep,delay_minutes,passenger_count,fuel_consumption_kg,anomaly_probability,anomaly_label,model_threshold
OPS0001893,DOH,NBO,2026-01-02 07:32:00,2026-01-02 08:00:00,28,197,4245.171027044636,0.9999252557754517,1,0.86
OPS0001641,GVA,ZRH,2026-01-02 03:20:00,2026-01-02 03:34:00,14,194,3568.9824427527246,0.9994687438011169,1,0.86
OPS0001778,DOH,NBO,2026-01-02 05:37:00,2026-01-02 06:05:00,28,198,4224.940754944128,0.9979700446128845,1,0.86
OPS0001997,ATL,LHR,2026-01-02 09:16:00,2026-01-02 09:40:00,24,192,3733.834754689884,0.9978399276733398,1,0.86
OPS0001790,ATL,LHR,2026-01-02 05:49:00,2026-01-02 06:05:00,16,198,3753.6876662402437,0.9922101497650146,1,0.86
OPS0001592,ATL,LHR,2026-01-02 02:31:00,2026-01-02 02:55:00,24,182,4058.614760920007,0.9918270111083984,1,0.86
OPS0001671,ATL,LHR,2026-01-02 03:50:00,2026-01-02 04:14:00,24,187,3915.9075354224137,0.9904497265815735,1,0.86
OPS0001677,GVA,ZRH,2026-01-02 03:56:00,2026-01-02 04:09:00,13,176,3828.754246558108,0.9897253513336182,1,0.86
OPS0001683,GVA,ZRH,2026-01-02 04:02:00,2026-01-02 04:23:00,21,178,3688.578530977386,0.989484965801239,1,0.86
OPS0001734,ATL,LHR,2026-01-02 04:53:00,2026-01-02 05:18:00,25,195,3740.5068589350776,0.9882857799530029,1,0.86
OPS0001647,ATL,LHR,2026-01-02 03:26:00,2026-01-02 03:52:00,26,193,4102.815312095448,0.9859005808830261,1,0.86
OPS0001943,DOH,NBO,2026-01-02 08:22:00,2026-01-02 08:47:00,25,184,4082.431659963643,0.9699543118476868,1,0.86
OPS0001909,GVA,ZRH,2026-01-02 07:48:00,2026-01-02 08:00:00,12,182,3430.9510505226635,0.9679268598556519,1,0.86
OPS0001957,DOH,NBO,2026-01-02 08:36:00,2026-01-02 08:50:00,14,193,3487.398189145561,0.957895040512085,1,0.86
OPS0001820,DOH,NBO,2026-01-02 06:19:00,2026-01-02 06:34:00,15,175,4306.356782419696,0.9450201988220215,1,0.86
OPS0001877,ATL,LHR,2026-01-02 07:16:00,2026-01-02 07:38:00,22,189,3417.913296912924,0.9377252459526062,1,0.86
OPS0001769,ATL,LHR,2026-01-02 05:28:00,2026-01-02 05:45:00,17,172,4541.422737817404,0.9225757122039795,1,0.86
OPS0001992,GVA,ZRH,2026-01-02 09:11:00,2026-01-02 09:23:00,12,178,3535.323094135409,0.8398047685623169,0,0.86
OPS0001631,DOH,NBO,2026-01-02 03:10:00,2026-01-02 03:22:00,12,187,3355.1939014498466,0.7965948581695557,0,0.86
OPS0001524,GVA,ZRH,2026-01-02 01:23:00,2026-01-02 01:34:00,11,175,3496.978136948987,0.7725866436958313,0,0.86
OPS0001990,ATL,LHR,2026-01-02 09:09:00,2026-01-02 09:21:00,12,177,3704.4263096264626,0.7621136903762817,0,0.86
OPS0001511,ATL,LHR,2026-01-02 01:10:00,2026-01-02 01:23:00,13,188,3545.912155224208,0.6890605688095093,0,0.86
OPS0001627,ATL,LHR,2026-01-02 03:06:00,2026-01-02 03:28:00,22,188,3548.130030725151,0.6403077840805054,0,0.86
OPS0001698,GVA,ZRH,2026-01-02 04:17:00,2026-01-02 04:27:00,10,172,3384.2650659870947,0.5879361033439636,0,0.86
OPS0001740,GVA,ZRH,2026-01-02 04:59:00,2026-01-02 05:10:00,11,177,3424.0560856687202,0.5099255442619324,0,0.86
OPS0001783,ATL,LHR,2026-01-02 05:42:00,2026-01-02 05:54:00,12,181,3502.634225181927,0.500812828540802,0,0.86
OPS0001985,DOH,NBO,2026-01-02 09:04:00,2026-01-02 09:16:00,12,180,3457.9748448372666,0.34254714846611023,0,0.86
OPS0001913,FRA,SIN,2026-01-02 07:52:00,2026-01-02 08:06:00,14,182,3860.0859576836474,0.30289897322654724,0,0.86
OPS0001638,FRA,SIN,2026-01-02 03:17:00,2026-01-02 03:31:00,14,184,3701.5481988041893,0.2787371873855591,0,0.86
OPS0001675,GVA,ZRH,2026-01-02 03:54:00,2026-01-02 04:06:00,12,169,3865.1753915383338,0.27072423696517944,0,0.86
OPS0001721,ATL,LHR,2026-01-02 04:40:00,2026-01-02 04:50:00,10,187,3006.447848371146,0.2144504338502884,0,0.86
OPS0001611,ATL,LHR,2026-01-02 02:50:00,2026-01-02 03:02:00,12,183,3463.3718423817163,0.1866517961025238,0,0.86
OPS0001736,GVA,ZRH,2026-01-02 04:55:00,2026-01-02 05:07:00,12,170,3837.1634164221405,0.1771080493927002,0,0.86
OPS0001514,GVA,ZRH,2026-01-02 01:13:00,2026-01-02 01:24:00,11,179,3318.829941445095,0.17106114327907562,0,0.86
OPS0001529,ATL,LHR,2026-01-02 01:28:00,2026-01-02 01:41:00,13,178,3821.2050968300587,0.118564672768116,0,0.86
OPS0001837,ATL,LHR,2026-01-02 06:36:00,2026-01-02 06:46:00,10,181,3181.7663745016257,0.08536826074123383,0,0.86
OPS0001956,FRA,SIN,2026-01-02 08:35:00,2026-01-02 08:49:00,14,178,3924.649726424847,0.07024655491113663,0,0.86
OPS0001696,DOH,NBO,2026-01-02 04:15:00,2026-01-02 04:26:00,11,179,3329.680001556478,0.04208015277981758,0,0.86
OPS0001532,ATL,LHR,2026-01-02 01:31:00,2026-01-02 01:43:00,12,170,3883.584210625516,0.041856709867715836,0,0.86
OPS0001806,GVA,ZRH,2026-01-02 06:05:00,2026-01-02 06:14:00,9,154,3734.728429892631,0.03651156648993492,0,0.86
OPS0001771,DOH,NBO,2026-01-02 05:30:00,2026-01-02 05:40:00,10,179,3230.3753877630397,0.030969547107815742,0,0.86
OPS0001540,DOH,NBO,2026-01-02 01:39:00,2026-01-02 01:51:00,12,179,3525.320395419776,0.030102955177426338,0,0.86
OPS0001813,GVA,ZRH,2026-01-02 06:12:00,2026-01-02 06:23:00,11,166,3672.845806043664,0.026015784591436386,0,0.86
OPS0001864,DOH,NBO,2026-01-02 07:03:00,2026-01-02 07:14:00,11,181,3389.713365036811,0.02580138109624386,0,0.86
OPS0001839,GVA,ZRH,2026-01-02 06:38:00,2026-01-02 06:48:00,10,170,3510.4680297954096,0.020802630111575127,0,0.86
OPS0001951,FRA,SIN,2026-01-02 08:30:00,2026-01-02 08:43:00,13,193,3247.958674081955,0.01803143322467804,0,0.86
OPS0001889,FRA,SIN,2026-01-02 07:28:00,2026-01-02 07:41:00,13,185,3486.001443040661,0.014642732217907906,0,0.86
OPS0001505,GVA,ZRH,2026-01-02 01:04:00,2026-01-02 01:14:00,10,170,3403.0339901820885,0.010335163213312626,0,0.86
OPS0001612,GVA,ZRH,2026-01-02 02:51:00,2026-01-02 03:02:00,11,170,3613.371031160292,0.006044281180948019,0,0.86
OPS0001933,GVA,ZRH,2026-01-02 08:12:00,2026-01-02 08:20:00,8,154,3546.5730360060925,0.005896569229662418,0,0.86
OPS0001674,ATL,LHR,2026-01-02 03:53:00,2026-01-02 04:04:00,11,177,3431.5458990679062,0.004437968600541353,0,0.86
OPS0001578,GVA,ZRH,2026-01-02 02:17:00,2026-01-02 02:26:00,9,178,3093.344203760751,0.004405014216899872,0,0.86
OPS0001637,DOH,NBO,2026-01-02 03:16:00,2026-01-02 03:26:00,10,178,3199.8968433701034,0.004330860450863838,0,0.86
OPS0001615,GVA,ZRH,2026-01-02 02:54:00,2026-01-02 03:02:00,8,171,3086.312272455773,0.0039908867329359055,0,0.86
OPS0001860,ATL,LHR,2026-01-02 06:59:00,2026-01-02 07:10:00,11,176,3459.9666476192315,0.0038680441211909056,0,0.86
OPS0001646,DOH,NBO,2026-01-02 03:25:00,2026-01-02 03:38:00,13,173,3846.0500773416275,0.0027771482709795237,0,0.86
OPS0001694,GVA,ZRH,2026-01-02 04:13:00,2026-01-02 04:18:00,5,178,2321.0610350819766,0.0027141994796693325,0,0.86
OPS0001873,FRA,SIN,2026-01-02 07:12:00,2026-01-02 07:24:00,12,163,4006.4418952853644,0.0023487324360758066,0,0.86
OPS0001666,FRA,SIN,2026-01-02 03:45:00,2026-01-02 03:58:00,13,164,4034.0686690090424,0.002000812441110611,0,0.86
OPS0001723,GVA,ZRH,2026-01-02 04:42:00,2026-01-02 04:50:00,8,168,3120.11385276406,0.0019497344037517905,0,0.86
OPS0001872,DOH,NBO,2026-01-02 07:11:00,2026-01-02 07:21:00,10,172,3474.9087612561207,0.0018333399202674627,0,0.86
OPS0001979,GVA,ZRH,2026-01-02 08:58:00,2026-01-02 09:06:00,8,175,3052.6536712958596,0.0017317291349172592,0,0.86
OPS0001687,DOH,NBO,2026-01-02 04:06:00,2026-01-02 04:11:00,5,182,2236.435780739367,0.0015941353049129248,0,0.86
OPS0001531,ATL,LHR,2026-01-02 01:30:00,2026-01-02 01:41:00,11,175,3452.4772741308743,0.0015870279166847467,0,0.86
OPS0001593,FRA,SIN,2026-01-02 02:32:00,2026-01-02 02:43:00,11,174,3526.02381140993,0.0011431756429374218,0,0.86
OPS0001606,ATL,LHR,2026-01-02 02:45:00,2026-01-02 02:56:00,11,170,3748.3976789923017,0.001079089124687016,0,0.86
OPS0001512,ATL,LHR,2026-01-02 01:11:00,2026-01-02 01:23:00,12,178,3517.099067545174,0.001029743580147624,0,0.86
OPS0001616,ATL,LHR,2026-01-02 02:55:00,2026-01-02 03:04:00,9,170,3386.539342812076,0.0007134702755138278,0,0.86
OPS0001815,GVA,ZRH,2026-01-02 06:14:00,2026-01-02 06:21:00,7,170,3046.1544319520067,0.0005917571252211928,0,0.86
OPS0001530,ATL,LHR,2026-01-02 01:29:00,2026-01-02 01:39:00,10,172,3398.885851905452,0.0005377500201575458,0,0.86
OPS0001584,ATL,LHR,2026-01-02 02:23:00,2026-01-02 02:32:00,9,172,3281.979871688979,0.00043670053128153086,0,0.86
OPS0001551,ATL,LHR,2026-01-02 01:50:00,2026-01-02 01:58:00,8,182,2703.232986598238,0.0003660178917925805,0,0.86
OPS0001598,ATL,LHR,2026-01-02 02:37:00,2026-01-02 02:47:00,10,174,3318.0893757129293,0.0003618597111199051,0,0.86
OPS0001897,GVA,ZRH,2026-01-02 07:36:00,2026-01-02 07:40:00,4,150,3075.6639001038957,0.00030917965341359377,0,0.86
OPS0001830,DOH,NBO,2026-01-02 06:29:00,2026-01-02 06:40:00,11,185,3208.524637076701,0.0002805659896694124,0,0.86
OPS0001967,GVA,ZRH,2026-01-02 08:46:00,2026-01-02 08:54:00,8,156,3475.7757275717345,0.0002667930966708809,0,0.86
OPS0001733,GVA,ZRH,2026-01-02 04:52:00,2026-01-02 05:02:00,10,166,3542.272123229274,0.0002320872590644285,0,0.86
OPS0001703,ATL,LHR,2026-01-02 04:22:00,2026-01-02 04:33:00,11,186,3081.957869005692,0.00022189020819496363,0,0.86
OPS0001653,ATL,LHR,2026-01-02 03:32:00,2026-01-02 03:42:00,10,180,3201.1056168362493,0.00018905306933447719,0,0.86
OPS0001574,GVA,ZRH,2026-01-02 02:13:00,2026-01-02 02:13:00,0,139,2343.887866720876,0.0001881901698652655,0,0.86
OPS0001811,ATL,LHR,2026-01-02 06:10:00,2026-01-02 06:19:00,9,176,3145.3055533360666,0.00017293494602199644,0,0.86
OPS0001770,GVA,ZRH,2026-01-02 05:29:00,2026-01-02 05:33:00,4,159,2849.879654863981,0.00014999121776781976,0,0.86
OPS0001727,ATL,LHR,2026-01-02 04:46:00,2026-01-02 04:58:00,12,168,3831.5884574242236,0.00014091507182456553,0,0.86
OPS0001571,DOH,NBO,2026-01-02 02:10:00,2026-01-02 02:16:00,6,181,2452.9355712606794,0.00013584863336291164,0,0.86
OPS0001892,GVA,ZRH,2026-01-02 07:31:00,2026-01-02 07:38:00,7,159,3210.8556546087084,0.00013404831406660378,0,0.86
OPS0001576,ATL,LHR,2026-01-02 02:15:00,2026-01-02 02:23:00,8,181,2803.0674792993273,0.00011408092541387305,0,0.86
OPS0001968,GVA,ZRH,2026-01-02 08:47:00,2026-01-02 08:55:00,8,145,3637.981988151631,9.563143976265565e-05,0,0.86
OPS0001819,DOH,NBO,2026-01-02 06:18:00,2026-01-02 06:27:00,9,167,3441.718818674349,8.831521699903533e-05,0,0.86
OPS0001917,GVA,ZRH,2026-01-02 07:56:00,2026-01-02 08:03:00,7,146,3555.66176566878,8.580274879932404e-05,0,0.86
OPS0001907,DOH,NBO,2026-01-02 07:46:00,2026-01-02 07:56:00,10,170,3548.8373086926163,8.397705823881552e-05,0,0.86
OPS0001953,GVA,ZRH,2026-01-02 08:32:00,2026-01-02 08:32:00,0,146,2201.233612425819,7.748517964500934e-05,0,0.86
OPS0001915,ATL,LHR,2026-01-02 07:54:00,2026-01-02 08:06:00,12,168,3889.1775284034115,7.633280620211735e-05,0,0.86
OPS0001809,DOH,NBO,2026-01-02 06:08:00,2026-01-02 06:20:00,12,168,3846.6347328602983,7.180245302151889e-05,0,0.86
OPS0001925,ATL,LHR,2026-01-02 08:04:00,2026-01-02 08:13:00,9,164,3401.8558495111033,7.143856055336073e-05,0,0.86
OPS0001799,DOH,NBO,2026-01-02 05:58:00,2026-01-02 06:08:00,10,170,3521.683762124247,6.662370287813246e-05,0,0.86
OPS0001547,ATL,LHR,2026-01-02 01:46:00,2026-01-02 01:49:00,3,178,2005.878987550365,6.300312816165388e-05,0,0.86
OPS0001868,ATL,LHR,2026-01-02 07:07:00,2026-01-02 07:11:00,4,159,2847.604737761044,6.011674486217089e-05,0,0.86
OPS0001745,GVA,ZRH,2026-01-02 05:04:00,2026-01-02 05:04:00,0,143,1762.9627306528728,5.897395749343559e-05,0,0.86
OPS0001649,FRA,SIN,2026-01-02 03:28:00,2026-01-02 03:39:00,11,180,3340.747337403665,5.7841363741317764e-05,0,0.86
OPS0001973,GVA,ZRH,2026-01-02 08:52:00,2026-01-02 08:53:00,1,141,2821.154145757509,5.747812974732369e-05,0,0.86
OPS0001931,DOH,NBO,2026-01-02 08:10:00,2026-01-02 08:19:00,9,161,3517.846952557199,5.0875471060862765e-05,0,0.86
OPS0001880,DOH,NBO,2026-01-02 07:19:00,2026-01-02 07:28:00,9,179,3044.8251431396748,4.8961279389914125e-05,0,0.86
OPS0001995,DOH,NBO,2026-01-02 09:14:00,2026-01-02 09:27:00,13,159,4210.773238875623,4.598263694788329e-05,0,0.86
OPS0001669,ATL,LHR,2026-01-02 03:48:00,2026-01-02 03:51:00,3,174,2223.3485487441626,4.4063162931706756e-05,0,0.86
OPS0001807,ATL,LHR,2026-01-02 06:06:00,2026-01-02 06:15:00,9,170,3244.6105304411976,4.392245318740606e-05,0,0.86
OPS0001607,FRA,SIN,2026-01-02 02:46:00,2026-01-02 02:58:00,12,162,3964.125691068995,4.3677311623468995e-05,0,0.86
OPS0001656,DOH,NBO,2026-01-02 03:35:00,2026-01-02 03:44:00,9,169,3393.4734496357205,4.2399940866744146e-05,0,0.86
OPS0001929,ATL,LHR,2026-01-02 08:08:00,2026-01-02 08:17:00,9,177,3067.8361605019363,3.9829679735703394e-05,0,0.86
OPS0001626,GVA,ZRH,2026-01-02 03:05:00,2026-01-02 03:13:00,8,169,3140.8630351858023,3.6191184335621074e-05,0,0.86
OPS0001543,ATL,LHR,2026-01-02 01:42:00,2026-01-02 01:52:00,10,175,3351.5808142278224,3.6019060644321144e-05,0,0.86
OPS0001965,GVA,ZRH,2026-01-02 08:44:00,2026-01-02 08:49:00,5,165,2751.6015751013488,3.431954246480018e-05,0,0.86
OPS0001816,DOH,NBO,2026-01-02 06:15:00,2026-01-02 06:21:00,6,154,3214.0708643845724,2.9254571927594952e-05,0,0.86
OPS0001927,ATL,LHR,2026-01-02 08:06:00,2026-01-02 08:15:00,9,179,2950.969803611643,2.5290843041148037e-05,0,0.86
OPS0001658,GVA,ZRH,2026-01-02 03:37:00,2026-01-02 03:37:00,0,152,2369.2830215718445,2.3195416360977106e-05,0,0.86
OPS0001945,GVA,ZRH,2026-01-02 08:24:00,2026-01-02 08:31:00,7,164,3078.721035562158,2.2408838049159385e-05,0,0.86
OPS0001976,ATL,LHR,2026-01-02 08:55:00,2026-01-02 08:57:00,2,146,2771.2288515963887,2.0377792679937556e-05,0,0.86
OPS0001575,ATL,LHR,2026-01-02 02:14:00,2026-01-02 02:18:00,4,158,2748.430755203388,1.9137985873385333e-05,0,0.86
OPS0001596,GVA,ZRH,2026-01-02 02:35:00,2026-01-02 02:38:00,3,150,2926.821082664242,1.6114741811179556e-05,0,0.86
OPS0001912,ATL,LHR,2026-01-02 07:51:00,2026-01-02 07:56:00,5,166,2771.383417820447,1.601276198925916e-05,0,0.86
OPS0001554,ATL,LHR,2026-01-02 01:53:00,2026-01-02 02:00:00,7,167,3002.512858953222,1.560483724460937e-05,0,0.86
OPS0001791,GVA,ZRH,2026-01-02 05:50:00,2026-01-02 05:55:00,5,155,3089.4169875315188,1.4944778740755282e-05,0,0.86
OPS0001896,ATL,LHR,2026-01-02 07:35:00,2026-01-02 07:44:00,9,168,3414.686240702378,1.438083199900575e-05,0,0.86
OPS0001603,GVA,ZRH,2026-01-02 02:42:00,2026-01-02 02:49:00,7,166,3134.4823176811237,1.3933680747868493e-05,0,0.86
OPS0001786,GVA,ZRH,2026-01-02 05:45:00,2026-01-02 05:45:00,0,139,2730.508698677209,1.3200698958826251e-05,0,0.86
OPS0001795,FRA,SIN,2026-01-02 05:54:00,2026-01-02 06:03:00,9,178,3050.297626438399,1.3014982869208325e-05,0,0.86
OPS0001938,DOH,NBO,2026-01-02 08:17:00,2026-01-02 08:18:00,1,128,2956.186771629534,1.2889339814137202e-05,0,0.86
OPS0001937,DOH,NBO,2026-01-02 08:16:00,2026-01-02 08:20:00,4,141,3141.0052220342236,1.2533497283584438e-05,0,0.86
OPS0001834,ATL,LHR,2026-01-02 06:33:00,2026-01-02 06:42:00,9,184,2844.9444539404076,1.2329399396548979e-05,0,0.86
OPS0001613,GVA,ZRH,2026-01-02 02:52:00,2026-01-02 02:52:00,0,144,2030.9624961527236,1.2142142622906249e-05,0,0.86
OPS0001700,GVA,ZRH,2026-01-02 04:19:00,2026-01-02 04:24:00,5,168,2682.1459476735217,1.1678816008497961e-05,0,0.86
OPS0001692,FRA,SIN,2026-01-02 04:11:00,2026-01-02 04:16:00,5,179,2373.23492310588,1.1261840882070828e-05,0,0.86
OPS0001882,DOH,NBO,2026-01-02 07:21:00,2026-01-02 07:30:00,9,168,3375.7676221807587,1.1119274859083816e-05,0,0.86
OPS0001684,ATL,LHR,2026-01-02 04:03:00,2026-01-02 04:09:00,6,163,3018.5780285441656,1.0746354746515863e-05,0,0.86
OPS0001884,GVA,ZRH,2026-01-02 07:23:00,2026-01-02 07:26:00,3,156,2714.86210570281,1.0374813427915797e-05,0,0.86
OPS0001720,GVA,ZRH,2026-01-02 04:39:00,2026-01-02 04:39:00,0,142,2354.5304099384875,1.0346239832870197e-05,0,0.86
OPS0001705,DOH,NBO,2026-01-02 04:24:00,2026-01-02 04:29:00,5,160,2875.5989226622287,1.0257906069455203e-05,0,0.86
OPS0001788,GVA,ZRH,2026-01-02 05:47:00,2026-01-02 05:47:00,0,137,2621.34022522727,9.806938578549307e-06,0,0.86
OPS0001829,FRA,SIN,2026-01-02 06:28:00,2026-01-02 06:36:00,8,178,2856.928478655331,9.242903615813702e-06,0,0.86
OPS0001759,FRA,SIN,2026-01-02 05:18:00,2026-01-02 05:30:00,12,161,3976.201149009825,9.199417945637833e-06,0,0.86
OPS0001690,ATL,LHR,2026-01-02 04:09:00,2026-01-02 04:15:00,6,156,3223.4009171265543,9.049093932844698e-06,0,0.86
OPS0001582,ATL,LHR,2026-01-02 02:21:00,2026-01-02 02:26:00,5,173,2594.309304200334,8.984301530290395e-06,0,0.86
OPS0001662,DOH,NBO,2026-01-02 03:41:00,2026-01-02 03:49:00,8,176,3027.1663359403374,8.626643648312893e-06,0,0.86
OPS0001640,GVA,ZRH,2026-01-02 03:19:00,2026-01-02 03:23:00,4,155,2912.637533850169,8.365777830476873e-06,0,0.86
OPS0001975,ATL,LHR,2026-01-02 08:54:00,2026-01-02 08:56:00,2,150,2697.253077447797,7.825763532309793e-06,0,0.86
OPS0001982,ATL,LHR,2026-01-02 09:01:00,2026-01-02 09:07:00,6,176,2527.2922450023693,7.723792805336416e-06,0,0.86
OPS0001911,ATL,LHR,2026-01-02 07:50:00,2026-01-02 07:50:00,0,145,1867.9790694681653,7.6198357419343665e-06,0,0.86
OPS0001661,ATL,LHR,2026-01-02 03:40:00,2026-01-02 03:46:00,6,172,2821.8047142685923,7.5753046075988095e-06,0,0.86
OPS0001645,ATL,LHR,2026-01-02 03:24:00,2026-01-02 03:33:00,9,179,2965.5378673391197,7.404632469842909e-06,0,0.86
OPS0001984,ATL,LHR,2026-01-02 09:03:00,2026-01-02 09:08:00,5,161,2928.106010816445,7.3098840402963106e-06,0,0.86
OPS0001903,GVA,ZRH,2026-01-02 07:42:00,2026-01-02 07:46:00,4,160,2790.436804256389,7.15617670721258e-06,0,0.86
OPS0001934,GVA,ZRH,2026-01-02 08:13:00,2026-01-02 08:19:00,6,156,3121.894521796841,6.8974445639469195e-06,0,0.86
OPS0001804,GVA,ZRH,2026-01-02 06:03:00,2026-01-02 06:10:00,7,165,3036.167612500404,6.694548574159853e-06,0,0.86
OPS0001894,ATL,LHR,2026-01-02 07:33:00,2026-01-02 07:42:00,9,172,3284.371315741331,6.612171546294121e-06,0,0.86
OPS0001518,FRA,SIN,2026-01-02 01:17:00,2026-01-02 01:27:00,10,175,3294.5992265002324,6.549893441842869e-06,0,0.86
OPS0001814,ATL,LHR,2026-01-02 06:13:00,2026-01-02 06:20:00,7,173,2976.6454082654313,6.296925221249694e-06,0,0.86
OPS0001747,GVA,ZRH,2026-01-02 05:06:00,2026-01-02 05:10:00,4,148,3064.3194796100665,6.0710472098435275e-06,0,0.86
OPS0001556,GVA,ZRH,2026-01-02 01:55:00,2026-01-02 02:02:00,7,167,3110.6460369211086,5.664947366312845e-06,0,0.86
OPS0001673,GVA,ZRH,2026-01-02 03:52:00,2026-01-02 03:52:00,0,147,765.9404368696331,5.533688181458274e-06,0,0.86
OPS0001707,ATL,LHR,2026-01-02 04:26:00,2026-01-02 04:32:00,6,165,3000.339685372524,5.290096851240378e-06,0,0.86
OPS0001691,GVA,ZRH,2026-01-02 04:10:00,2026-01-02 04:10:00,0,140,1670.7526747962722,5.023297944717342e-06,0,0.86
OPS0001999,GVA,ZRH,2026-01-02 09:18:00,2026-01-02 09:22:00,4,154,2879.0227592601877,4.562296453514136e-06,0,0.86
OPS0001789,FRA,SIN,2026-01-02 05:48:00,2026-01-02 05:56:00,8,169,3266.822657809516,4.543365776044084e-06,0,0.86
OPS0001905,DOH,NBO,2026-01-02 07:44:00,2026-01-02 07:53:00,9,165,3495.139322479858,4.470300609682454e-06,0,0.86
OPS0001528,DOH,NBO,2026-01-02 01:27:00,2026-01-02 01:35:00,8,173,3035.4951073514303,4.077759513165802e-06,0,0.86
OPS0001890,DOH,NBO,2026-01-02 07:29:00,2026-01-02 07:38:00,9,161,3466.2350476355878,4.032639481010847e-06,0,0.86
OPS0001644,ATL,LHR,2026-01-02 03:23:00,2026-01-02 03:23:00,0,136,2489.9896443118905,3.872970410156995e-06,0,0.86
OPS0001699,FRA,SIN,2026-01-02 04:18:00,2026-01-02 04:27:00,9,170,3261.125477353527,3.6630422073358204e-06,0,0.86
OPS0001515,FRA,SIN,2026-01-02 01:14:00,2026-01-02 01:24:00,10,173,3475.364302734708,3.6531973819364794e-06,0,0.86
OPS0001921,DOH,NBO,2026-01-02 08:00:00,2026-01-02 08:09:00,9,165,3400.5799860152583,3.572477226043702e-06,0,0.86
OPS0001817,GVA,ZRH,2026-01-02 06:16:00,2026-01-02 06:17:00,1,142,2717.651448286524,3.508039981170441e-06,0,0.86
OPS0001618,DOH,NBO,2026-01-02 02:57:00,2026-01-02 02:58:00,1,165,2165.0176126092706,3.4552208489913028e-06,0,0.86
OPS0001899,ATL,LHR,2026-01-02 07:38:00,2026-01-02 07:38:00,0,155,2081.191622886331,3.334822622491629e-06,0,0.86
OPS0001510,GVA,ZRH,2026-01-02 01:09:00,2026-01-02 01:12:00,3,167,2466.4795006244676,3.2934381124505308e-06,0,0.86
OPS0001620,ATL,LHR,2026-01-02 02:59:00,2026-01-02 03:04:00,5,152,3138.7131627768786,3.288570496806642e-06,0,0.86
OPS0001794,GVA,ZRH,2026-01-02 05:53:00,2026-01-02 05:53:00,0,150,2315.876681920296,3.2124030440172646e-06,0,0.86
OPS0001940,ATL,LHR,2026-01-02 08:19:00,2026-01-02 08:26:00,7,168,2952.077263000723,3.168752300553024e-06,0,0.86
OPS0001695,GVA,ZRH,2026-01-02 04:14:00,2026-01-02 04:19:00,5,161,2837.420815735862,3.11670237351791e-06,0,0.86
OPS0001996,GVA,ZRH,2026-01-02 09:15:00,2026-01-02 09:15:00,0,150,1670.2653953491274,2.981234047183534e-06,0,0.86
OPS0001902,ATL,LHR,2026-01-02 07:41:00,2026-01-02 07:43:00,2,144,2834.3431955607143,2.9684617857128615e-06,0,0.86
OPS0001850,GVA,ZRH,2026-01-02 06:49:00,2026-01-02 06:56:00,7,173,2876.896808048046,2.9210748380137375e-06,0,0.86
OPS0001600,ATL,LHR,2026-01-02 02:39:00,2026-01-02 02:46:00,7,173,2943.7312001403384,2.8864678824902512e-06,0,0.86
OPS0001916,ATL,LHR,2026-01-02 07:55:00,2026-01-02 08:00:00,5,160,2879.399105080114,2.871058086384437e-06,0,0.86
OPS0001678,DOH,NBO,2026-01-02 03:57:00,2026-01-02 03:57:00,0,151,1470.5171593713574,2.7406597382650943e-06,0,0.86
OPS0001777,GVA,ZRH,2026-01-02 05:36:00,2026-01-02 05:43:00,7,169,2972.7916809659605,2.7369037525204476e-06,0,0.86
OPS0001772,GVA,ZRH,2026-01-02 05:31:00,2026-01-02 05:31:00,0,163,2071.842382174757,2.6613720365276095e-06,0,0.86
OPS0001785,ATL,LHR,2026-01-02 05:44:00,2026-01-02 05:50:00,6,154,3184.210391878241,2.597052571218228e-06,0,0.86
OPS0001836,ATL,LHR,2026-01-02 06:35:00,2026-01-02 06:41:00,6,154,3180.7943823289074,2.563867838034639e-06,0,0.86
OPS0001842,DOH,NBO,2026-01-02 06:41:00,2026-01-02 06:45:00,4,138,3293.155434081183,2.544510152802104e-06,0,0.86
OPS0001654,ATL,LHR,2026-01-02 03:33:00,2026-01-02 03:41:00,8,171,3102.363759964104,2.5034778445842676e-06,0,0.86
OPS0001768,ATL,LHR,2026-01-02 05:27:00,2026-01-02 05:35:00,8,173,3035.6140434743515,2.4861546989995986e-06,0,0.86
OPS0001918,GVA,ZRH,2026-01-02 07:57:00,2026-01-02 08:00:00,3,153,2753.5500930115045,2.4171026780095417e-06,0,0.86
OPS0001636,DOH,NBO,2026-01-02 03:15:00,2026-01-02 03:19:00,4,159,2811.781549793547,2.4098155790852616e-06,0,0.86
OPS0001538,GVA,ZRH,2026-01-02 01:37:00,2026-01-02 01:40:00,3,156,2639.3953462108334,2.3790300929249497e-06,0,0.86
OPS0001634,GVA,ZRH,2026-01-02 03:13:00,2026-01-02 03:14:00,1,149,2529.3170450388575,2.3778663944540313e-06,0,0.86
OPS0001648,GVA,ZRH,2026-01-02 03:27:00,2026-01-02 03:28:00,1,141,2717.344889452415,2.375706117163645e-06,0,0.86
OPS0001686,ATL,LHR,2026-01-02 04:05:00,2026-01-02 04:05:00,0,139,2272.2756570776373,2.3536174467153614e-06,0,0.86
OPS0001856,FRA,SIN,2026-01-02 06:55:00,2026-01-02 07:06:00,11,164,3738.883926919499,2.302060238434933e-06,0,0.86
OPS0001928,GVA,ZRH,2026-01-02 08:07:00,2026-01-02 08:12:00,5,164,2846.591882651828,2.261715053464286e-06,0,0.86
OPS0001689,DOH,NBO,2026-01-02 04:08:00,2026-01-02 04:15:00,7,151,3382.2959571418937,2.172149606849416e-06,0,0.86
OPS0001849,DOH,NBO,2026-01-02 06:48:00,2026-01-02 06:57:00,9,164,3383.3095567324326,2.0852198758802842e-06,0,0.86
OPS0001548,GVA,ZRH,2026-01-02 01:47:00,2026-01-02 01:51:00,4,169,2441.3997001284542,2.0423915430001216e-06,0,0.86
OPS0001774,FRA,SIN,2026-01-02 05:33:00,2026-01-02 05:42:00,9,164,3396.8758314824727,2.0343884443718707e-06,0,0.86
OPS0001664,ATL,LHR,2026-01-02 03:43:00,2026-01-02 03:49:00,6,165,2902.087244493999,2.006524482567329e-06,0,0.86
OPS0001782,GVA,ZRH,2026-01-02 05:41:00,2026-01-02 05:45:00,4,153,2871.2456661656192,1.9929366317228414e-06,0,0.86
OPS0001587,ATL,LHR,2026-01-02 02:26:00,2026-01-02 02:33:00,7,165,3058.8965599220733,1.984767550311517e-06,0,0.86
OPS0001604,GVA,ZRH,2026-01-02 02:43:00,2026-01-02 02:48:00,5,168,2667.5466792794873,1.975096211026539e-06,0,0.86
OPS0001595,GVA,ZRH,2026-01-02 02:34:00,2026-01-02 02:38:00,4,168,2467.1979546871344,1.969804770851624e-06,0,0.86
OPS0001793,ATL,LHR,2026-01-02 05:52:00,2026-01-02 05:55:00,3,172,2287.0897767678784,1.9286753740743734e-06,0,0.86
OPS0001715,ATL,LHR,2026-01-02 04:34:00,2026-01-02 04:40:00,6,162,3072.178216913825,1.9249305296398234e-06,0,0.86
OPS0001659,ATL,LHR,2026-01-02 03:38:00,2026-01-02 03:45:00,7,154,3320.6094003052494,1.8801943042490166e-06,0,0.86
OPS0001719,GVA,ZRH,2026-01-02 04:38:00,2026-01-02 04:38:00,0,134,2230.963709369642,1.8581653193905368e-06,0,0.86
OPS0001843,ATL,LHR,2026-01-02 06:42:00,2026-01-02 06:43:00,1,146,2638.9494029043954,1.8472568399374723e-06,0,0.86
OPS0001509,ATL,LHR,2026-01-02 01:08:00,2026-01-02 01:08:00,0,141,2412.1982158043857,1.833575311138702e-06,0,0.86
OPS0001708,DOH,NBO,2026-01-02 04:27:00,2026-01-02 04:29:00,2,154,2581.014997739043,1.7874506283988012e-06,0,0.86
OPS0001988,GVA,ZRH,2026-01-02 09:07:00,2026-01-02 09:10:00,3,149,2884.1934816750095,1.7645536445343168e-06,0,0.86
OPS0001936,ATL,LHR,2026-01-02 08:15:00,2026-01-02 08:17:00,2,144,2854.1364389512028,1.742647555147414e-06,0,0.86
OPS0001533,DOH,NBO,2026-01-02 01:32:00,2026-01-02 01:35:00,3,164,2546.7786065899327,1.5706322074038326e-06,0,0.86
OPS0001541,GVA,ZRH,2026-01-02 01:40:00,2026-01-02 01:45:00,5,159,2939.3971075352692,1.5200255347735947e-06,0,0.86
OPS0001660,ATL,LHR,2026-01-02 03:39:00,2026-01-02 03:39:00,0,135,2653.9310407150097,1.5155239907471696e-06,0,0.86
OPS0001977,DOH,NBO,2026-01-02 08:56:00,2026-01-02 09:01:00,5,170,2645.566989444896,1.457529151593917e-06,0,0.86
OPS0001960,DOH,NBO,2026-01-02 08:39:00,2026-01-02 08:39:00,0,130,2467.198799408806,1.369617734781059e-06,0,0.86
OPS0001974,ATL,LHR,2026-01-02 08:53:00,2026-01-02 08:54:00,1,141,2700.926661520658,1.3211780469646328e-06,0,0.86
OPS0001668,ATL,LHR,2026-01-02 03:47:00,2026-01-02 03:50:00,3,148,2864.580673536224,1.2729429954561056e-06,0,0.86
OPS0001949,ATL,LHR,2026-01-02 08:28:00,2026-01-02 08:32:00,4,157,2807.033263113935,1.2539705949166091e-06,0,0.86
OPS0001663,GVA,ZRH,2026-01-02 03:42:00,2026-01-02 03:43:00,1,151,2599.072543345853,1.2227399110997794e-06,0,0.86
OPS0001826,ATL,LHR,2026-01-02 06:25:00,2026-01-02 06:30:00,5,165,2758.9172874132128,1.212241386383539e-06,0,0.86
OPS0001617,ATL,LHR,2026-01-02 02:56:00,2026-01-02 03:02:00,6,171,2827.983796001098,1.1919925100301043e-06,0,0.86
OPS0001704,DOH,NBO,2026-01-02 04:23:00,2026-01-02 04:24:00,1,148,2593.0603332796068,1.1375612984920735e-06,0,0.86
OPS0001534,GVA,ZRH,2026-01-02 01:33:00,2026-01-02 01:35:00,2,161,2373.0675612733603,1.1359103382346802e-06,0,0.86
OPS0001828,DOH,NBO,2026-01-02 06:27:00,2026-01-02 06:27:00,0,147,2085.2199877373864,1.1222205102967564e-06,0,0.86
OPS0001639,ATL,LHR,2026-01-02 03:18:00,2026-01-02 03:25:00,7,166,3087.731891782923,1.0911770687016542e-06,0,0.86
OPS0001870,GVA,ZRH,2026-01-02 07:09:00,2026-01-02 07:09:00,0,156,1904.2854022008141,1.0885723895626143e-06,0,0.86
OPS0001550,ATL,LHR,2026-01-02 01:49:00,2026-01-02 01:54:00,5,162,2868.641777708491,1.0880120271394844e-06,0,0.86
OPS0001797,DOH,NBO,2026-01-02 05:56:00,2026-01-02 05:59:00,3,151,2779.775402985157,1.0503309795240057e-06,0,0.86
OPS0001546,ATL,LHR,2026-01-02 01:45:00,2026-01-02 01:47:00,2,157,2530.7665373338887,1.0156893495150143e-06,0,0.86
OPS0001823,DOH,NBO,2026-01-02 06:22:00,2026-01-02 06:28:00,6,166,2984.307468466149,1.0009329116655863e-06,0,0.86
OPS0001501,GVA,ZRH,2026-01-02 01:00:00,2026-01-02 01:03:00,3,149,2845.318266606254,9.809845096242498e-07,0,0.86
OPS0001964,ATL,LHR,2026-01-02 08:43:00,2026-01-02 08:49:00,6,163,3058.757330140861,9.739400184116676e-07,0,0.86
OPS0001580,FRA,SIN,2026-01-02 02:19:00,2026-01-02 02:26:00,7,166,3070.9995664745397,8.836235565468087e-07,0,0.86
OPS0001585,DOH,NBO,2026-01-02 02:24:00,2026-01-02 02:24:00,0,149,2101.765978092849,8.757685918681091e-07,0,0.86
OPS0001991,ATL,LHR,2026-01-02 09:10:00,2026-01-02 09:10:00,0,159,1970.7592077036538,8.611958719484392e-07,0,0.86
OPS0001844,FRA,SIN,2026-01-02 06:43:00,2026-01-02 06:48:00,5,171,2621.138181329544,8.426724207311054e-07,0,0.86
OPS0001555,ATL,LHR,2026-01-02 01:54:00,2026-01-02 01:56:00,2,146,2729.03212626631,8.424000270679244e-07,0,0.86
OPS0001746,DOH,NBO,2026-01-02 05:05:00,2026-01-02 05:08:00,3,159,2658.469161946678,8.111548481792852e-07,0,0.86
OPS0001527,ATL,LHR,2026-01-02 01:26:00,2026-01-02 01:32:00,6,172,2753.434499866212,7.988525112523348e-07,0,0.86
OPS0001508,DOH,NBO,2026-01-02 01:07:00,2026-01-02 01:07:00,0,142,2062.292072842204,7.746075993964041e-07,0,0.86
OPS0001628,ATL,LHR,2026-01-02 03:07:00,2026-01-02 03:16:00,9,161,3494.6535087159714,7.620778887940105e-07,0,0.86
OPS0001717,ATL,LHR,2026-01-02 04:36:00,2026-01-02 04:43:00,7,167,3103.062290903948,7.605901259921666e-07,0,0.86
OPS0001840,GVA,ZRH,2026-01-02 06:39:00,2026-01-02 06:39:00,0,140,2060.615766323923,7.417081064886588e-07,0,0.86
OPS0001610,DOH,NBO,2026-01-02 02:49:00,2026-01-02 02:56:00,7,179,2744.9746074383493,7.334459155572404e-07,0,0.86
OPS0001754,GVA,ZRH,2026-01-02 05:13:00,2026-01-02 05:17:00,4,158,2838.763639045798,7.139443596315687e-07,0,0.86
OPS0001798,ATL,LHR,2026-01-02 05:57:00,2026-01-02 06:04:00,7,158,3259.2076109881486,6.9057705331943e-07,0,0.86
OPS0001963,DOH,NBO,2026-01-02 08:42:00,2026-01-02 08:44:00,2,151,2700.74226109477,6.888635653012898e-07,0,0.86
OPS0001859,ATL,LHR,2026-01-02 06:58:00,2026-01-02 07:04:00,6,157,3135.8424505026946,6.785789992136415e-07,0,0.86
OPS0001878,ATL,LHR,2026-01-02 07:17:00,2026-01-02 07:21:00,4,158,2854.5055630790157,6.598348818442901e-07,0,0.86
OPS0001591,ATL,LHR,2026-01-02 02:30:00,2026-01-02 02:36:00,6,151,3348.694561909061,6.22828622454108e-07,0,0.86
OPS0001848,DOH,NBO,2026-01-02 06:47:00,2026-01-02 06:52:00,5,157,3055.6754374129778,6.147693056846038e-07,0,0.86
OPS0001725,DOH,NBO,2026-01-02 04:44:00,2026-01-02 04:51:00,7,161,3200.531349803781,6.015444569129613e-07,0,0.86
OPS0001572,DOH,NBO,2026-01-02 02:11:00,2026-01-02 02:18:00,7,165,3097.80365878236,5.906599653826561e-07,0,0.86
OPS0001959,GVA,ZRH,2026-01-02 08:38:00,2026-01-02 08:38:00,0,142,2423.9483919051927,5.645094347528357e-07,0,0.86
OPS0001983,FRA,SIN,2026-01-02 09:02:00,2026-01-02 09:10:00,8,166,3260.1575023682176,5.576534363171959e-07,0,0.86
OPS0001667,GVA,ZRH,2026-01-02 03:46:00,2026-01-02 03:48:00,2,152,2740.760392430825,5.535517857424566e-07,0,0.86
OPS0001867,FRA,SIN,2026-01-02 07:06:00,2026-01-02 07:11:00,5,177,2438.6995529199557,5.443765758172958e-07,0,0.86
OPS0001521,ATL,LHR,2026-01-02 01:20:00,2026-01-02 01:24:00,4,168,2440.8151941366177,5.2956164608986e-07,0,0.86
OPS0001832,FRA,SIN,2026-01-02 06:31:00,2026-01-02 06:36:00,5,156,2964.1216571913383,5.206023274695326e-07,0,0.86
OPS0001577,GVA,ZRH,2026-01-02 02:16:00,2026-01-02 02:21:00,5,157,3015.7133694692093,5.107131073600613e-07,0,0.86
OPS0001954,FRA,SIN,2026-01-02 08:33:00,2026-01-02 08:35:00,2,146,2847.9587799742258,4.94454752697493e-07,0,0.86
OPS0001853,DOH,NBO,2026-01-02 06:52:00,2026-01-02 06:56:00,4,162,2766.9892116279116,4.904515549242205e-07,0,0.86
OPS0001962,DOH,NBO,2026-01-02 08:41:00,2026-01-02 08:44:00,3,156,2755.4498843514493,4.875285526395601e-07,0,0.86
OPS0001998,ATL,LHR,2026-01-02 09:17:00,2026-01-02 09:17:00,0,159,1977.5059599080669,4.856019586441107e-07,0,0.86
OPS0001900,ATL,LHR,2026-01-02 07:39:00,2026-01-02 07:41:00,2,161,2438.1697629849327,4.834481615034747e-07,0,0.86
OPS0001537,GVA,ZRH,2026-01-02 01:36:00,2026-01-02 01:36:00,0,147,1603.3669671574564,4.834389528696192e-07,0,0.86
OPS0001779,ATL,LHR,2026-01-02 05:38:00,2026-01-02 05:41:00,3,155,2730.893453254118,4.787180500898103e-07,0,0.86
OPS0001623,GVA,ZRH,2026-01-02 03:02:00,2026-01-02 03:06:00,4,163,2635.9422028894855,4.779903974849731e-07,0,0.86
OPS0001930,DOH,NBO,2026-01-02 08:09:00,2026-01-02 08:13:00,4,150,2953.6576358824072,4.688664034802059e-07,0,0.86
OPS0001876,GVA,ZRH,2026-01-02 07:15:00,2026-01-02 07:15:00,0,147,2115.862303871208,4.566461200283811e-07,0,0.86
OPS0001748,DOH,NBO,2026-01-02 05:07:00,2026-01-02 05:10:00,3,150,2876.5103525155487,4.5659905367756437e-07,0,0.86
OPS0001825,GVA,ZRH,2026-01-02 06:24:00,2026-01-02 06:24:00,0,135,2136.003256157555,4.53723799864747e-07,0,0.86
OPS0001711,GVA,ZRH,2026-01-02 04:30:00,2026-01-02 04:30:00,0,139,2395.332149867886,4.5293563744053245e-07,0,0.86
OPS0001650,GVA,ZRH,2026-01-02 03:29:00,2026-01-02 03:33:00,4,161,2777.848059817685,4.371040631667711e-07,0,0.86
OPS0001869,DOH,NBO,2026-01-02 07:08:00,2026-01-02 07:11:00,3,157,2657.7031331599114,4.288140758035297e-07,0,0.86
OPS0001573,DOH,NBO,2026-01-02 02:12:00,2026-01-02 02:12:00,0,142,2571.264021069135,4.188083551071031e-07,0,0.86
OPS0001939,ATL,LHR,2026-01-02 08:18:00,2026-01-02 08:22:00,4,146,3040.201181672104,4.1317619547953655e-07,0,0.86
OPS0001787,ATL,LHR,2026-01-02 05:46:00,2026-01-02 05:51:00,5,150,3100.5726958698847,3.8768882859585574e-07,0,0.86
OPS0001651,ATL,LHR,2026-01-02 03:30:00,2026-01-02 03:34:00,4,171,2388.673957430992,3.842449984858831e-07,0,0.86
OPS0001614,ATL,LHR,2026-01-02 02:53:00,2026-01-02 02:59:00,6,167,2864.361972971053,3.629305922459025e-07,0,0.86
OPS0001923,DOH,NBO,2026-01-02 08:02:00,2026-01-02 08:06:00,4,164,2572.875723983512,3.597324393922463e-07,0,0.86
OPS0001942,DOH,NBO,2026-01-02 08:21:00,2026-01-02 08:22:00,1,142,2714.045234616009,3.57299427378166e-07,0,0.86
OPS0001642,ATL,LHR,2026-01-02 03:21:00,2026-01-02 03:23:00,2,154,2613.8384488189195,3.4319330666221504e-07,0,0.86
OPS0001773,DOH,NBO,2026-01-02 05:32:00,2026-01-02 05:37:00,5,169,2700.3393051200196,3.3698924539748987e-07,0,0.86
OPS0001821,FRA,SIN,2026-01-02 06:20:00,2026-01-02 06:22:00,2,147,2703.1461407258416,3.353183899434953e-07,0,0.86
OPS0001805,GVA,ZRH,2026-01-02 06:04:00,2026-01-02 06:04:00,0,136,1081.9624412795802,3.342944125961367e-07,0,0.86
OPS0001969,DOH,NBO,2026-01-02 08:48:00,2026-01-02 08:51:00,3,169,2387.59355995369,3.25966169612002e-07,0,0.86
OPS0001621,ATL,LHR,2026-01-02 03:00:00,2026-01-02 03:00:00,0,134,2314.011683553216,3.0644591220152506e-07,0,0.86
OPS0001525,GVA,ZRH,2026-01-02 01:24:00,2026-01-02 01:26:00,2,160,2358.426036302927,3.035344207091839e-07,0,0.86
OPS0001712,ATL,LHR,2026-01-02 04:31:00,2026-01-02 04:36:00,5,160,2942.2825110925905,3.0246440019254806e-07,0,0.86
OPS0001891,ATL,LHR,2026-01-02 07:30:00,2026-01-02 07:30:00,0,128,2502.603601888537,2.9591294037345506e-07,0,0.86
OPS0001622,DOH,NBO,2026-01-02 03:01:00,2026-01-02 03:08:00,7,165,3074.720922183571,2.896886996950343e-07,0,0.86
OPS0001558,DOH,NBO,2026-01-02 01:57:00,2026-01-02 01:57:00,0,152,2004.1193326890066,2.7959194426330214e-07,0,0.86
OPS0001553,ATL,LHR,2026-01-02 01:52:00,2026-01-02 01:54:00,2,166,2335.466299200408,2.7443110184321995e-07,0,0.86
OPS0001552,DOH,NBO,2026-01-02 01:51:00,2026-01-02 01:53:00,2,158,2537.8488409294737,2.7429948090684775e-07,0,0.86
OPS0001887,ATL,LHR,2026-01-02 07:26:00,2026-01-02 07:29:00,3,159,2658.026018453997,2.740999605066463e-07,0,0.86
OPS0001762,ATL,LHR,2026-01-02 05:21:00,2026-01-02 05:28:00,7,170,2971.23436870063,2.60876902302698e-07,0,0.86
OPS0001904,ATL,LHR,2026-01-02 07:43:00,2026-01-02 07:49:00,6,154,3185.217754743883,2.564674446148274e-07,0,0.86
OPS0001845,ATL,LHR,2026-01-02 06:44:00,2026-01-02 06:49:00,5,159,2965.1961464293686,2.4853056856954936e-07,0,0.86
OPS0001919,DOH,NBO,2026-01-02 07:58:00,2026-01-02 07:58:00,0,144,2529.064055409186,2.426645551167894e-07,0,0.86
OPS0001716,GVA,ZRH,2026-01-02 04:35:00,2026-01-02 04:40:00,5,167,2662.876348506012,2.3587108444189653e-07,0,0.86
OPS0001994,ATL,LHR,2026-01-02 09:13:00,2026-01-02 09:20:00,7,159,3249.4719339943886,2.3520999548054533e-07,0,0.86
OPS0001680,DOH,NBO,2026-01-02 03:59:00,2026-01-02 04:03:00,4,158,2761.1738478521847,2.3507566027092253e-07,0,0.86
OPS0001685,ATL,LHR,2026-01-02 04:04:00,2026-01-02 04:05:00,1,142,2717.527468494902,2.3303306306843297e-07,0,0.86
OPS0001513,DOH,NBO,2026-01-02 01:12:00,2026-01-02 01:13:00,1,134,2899.098598425567,2.2939487109852053e-07,0,0.86
OPS0001625,ATL,LHR,2026-01-02 03:04:00,2026-01-02 03:06:00,2,142,2893.106850585574,2.2793835796619533e-07,0,0.86
OPS0001629,ATL,LHR,2026-01-02 03:08:00,2026-01-02 03:09:00,1,159,2312.8841927613707,2.2708347557909292e-07,0,0.86
OPS0001781,ATL,LHR,2026-01-02 05:40:00,2026-01-02 05:40:00,0,154,1893.6200012460893,2.235675822248595e-07,0,0.86
OPS0001966,ATL,LHR,2026-01-02 08:45:00,2026-01-02 08:50:00,5,164,2758.6454730777673,2.213490972735599e-07,0,0.86
OPS0001764,ATL,LHR,2026-01-02 05:23:00,2026-01-02 05:32:00,9,166,3386.7067479414136,2.2121764686744427e-07,0,0.86
OPS0001955,FRA,SIN,2026-01-02 08:34:00,2026-01-02 08:36:00,2,140,2985.7382380575664,2.184901006785367e-07,0,0.86
OPS0001818,DOH,NBO,2026-01-02 06:17:00,2026-01-02 06:23:00,6,166,2879.7390193256833,2.167391386365125e-07,0,0.86
OPS0001739,DOH,NBO,2026-01-02 04:58:00,2026-01-02 05:01:00,3,142,3056.4542103813837,2.0857639526639105e-07,0,0.86
OPS0001920,FRA,SIN,2026-01-02 07:59:00,2026-01-02 07:59:00,0,143,1990.232208796233,2.0803166478344792e-07,0,0.86
OPS0001926,ATL,LHR,2026-01-02 08:05:00,2026-01-02 08:11:00,6,153,3162.4708057130542,1.9910851278837072e-07,0,0.86
OPS0001906,DOH,NBO,2026-01-02 07:45:00,2026-01-02 07:48:00,3,144,3003.5055329706493,1.9342645884989906e-07,0,0.86
OPS0001602,ATL,LHR,2026-01-02 02:41:00,2026-01-02 02:45:00,4,157,2855.7638490206996,1.9249952742939058e-07,0,0.86
OPS0001831,DOH,NBO,2026-01-02 06:30:00,2026-01-02 06:35:00,5,144,3233.294396950512,1.815585335407377e-07,0,0.86
OPS0001924,ATL,LHR,2026-01-02 08:03:00,2026-01-02 08:06:00,3,142,2994.417272151998,1.7957754039343854e-07,0,0.86
OPS0001732,ATL,LHR,2026-01-02 04:51:00,2026-01-02 04:55:00,4,144,3137.955566212909,1.7941133023668954e-07,0,0.86
OPS0001710,ATL,LHR,2026-01-02 04:29:00,2026-01-02 04:35:00,6,158,3208.2989538404536,1.781761511665536e-07,0,0.86
OPS0002000,DOH,NBO,2026-01-02 09:19:00,2026-01-02 09:23:00,4,160,2707.3660707287513,1.7369103488817927e-07,0,0.86
OPS0001676,FRA,SIN,2026-01-02 03:55:00,2026-01-02 03:56:00,1,170,2024.9479890069783,1.7015426578836923e-07,0,0.86
OPS0001706,FRA,SIN,2026-01-02 04:25:00,2026-01-02 04:30:00,5,160,2969.7368565850375,1.6945791969646962e-07,0,0.86
OPS0001672,DOH,NBO,2026-01-02 03:51:00,2026-01-02 03:57:00,6,161,2998.863778423562,1.665439413045533e-07,0,0.86
OPS0001765,ATL,LHR,2026-01-02 05:24:00,2026-01-02 05:31:00,7,164,3086.9495057919544,1.6388469248340698e-07,0,0.86
OPS0001914,DOH,NBO,2026-01-02 07:53:00,2026-01-02 08:00:00,7,164,3081.572731046398,1.6150184478647134e-07,0,0.86
OPS0001950,FRA,SIN,2026-01-02 08:29:00,2026-01-02 08:32:00,3,138,3078.873838547067,1.6108728573271947e-07,0,0.86
OPS0001566,DOH,NBO,2026-01-02 02:05:00,2026-01-02 02:08:00,3,150,2909.9292076245856,1.5815955123343883e-07,0,0.86
OPS0001535,ATL,LHR,2026-01-02 01:34:00,2026-01-02 01:35:00,1,157,2430.0550500075115,1.5799086838796939e-07,0,0.86
OPS0001871,ATL,LHR,2026-01-02 07:10:00,2026-01-02 07:15:00,5,157,2970.66811360348,1.563792721981372e-07,0,0.86
OPS0001559,DOH,NBO,2026-01-02 01:58:00,2026-01-02 02:05:00,7,175,2758.722704692503,1.489974437163255e-07,0,0.86
OPS0001608,ATL,LHR,2026-01-02 02:47:00,2026-01-02 02:48:00,1,143,2681.6472527654323,1.4813403481639398e-07,0,0.86
OPS0001865,DOH,NBO,2026-01-02 07:04:00,2026-01-02 07:08:00,4,156,2879.2505789865263,1.4547849502832833e-07,0,0.86
OPS0001657,ATL,LHR,2026-01-02 03:36:00,2026-01-02 03:36:00,0,150,2334.2952898889957,1.4169302176014753e-07,0,0.86
OPS0001775,DOH,NBO,2026-01-02 05:34:00,2026-01-02 05:35:00,1,163,2242.9974934957545,1.4083968835620908e-07,0,0.86
OPS0001682,GVA,ZRH,2026-01-02 04:01:00,2026-01-02 04:06:00,5,156,2924.8730029383387,1.4046973717540823e-07,0,0.86
OPS0001643,DOH,NBO,2026-01-02 03:22:00,2026-01-02 03:22:00,0,152,2355.1771446086454,1.3586725344794104e-07,0,0.86
OPS0001737,FRA,SIN,2026-01-02 04:56:00,2026-01-02 04:59:00,3,159,2625.9146292905584,1.3146183164280956e-07,0,0.86
OPS0001749,DOH,NBO,2026-01-02 05:08:00,2026-01-02 05:09:00,1,149,2615.9725003370013,1.3131409559719032e-07,0,0.86
OPS0001730,ATL,LHR,2026-01-02 04:49:00,2026-01-02 04:49:00,0,146,2148.7816047683186,1.311976944862181e-07,0,0.86
OPS0001563,FRA,SIN,2026-01-02 02:02:00,2026-01-02 02:10:00,8,159,3417.151018979577,1.2893720224838034e-07,0,0.86
OPS0001726,ATL,LHR,2026-01-02 04:45:00,2026-01-02 04:45:00,0,151,2417.800021704687,1.282580228689767e-07,0,0.86
OPS0001776,DOH,NBO,2026-01-02 05:35:00,2026-01-02 05:35:00,0,150,1718.8259867931788,1.2398351145748165e-07,0,0.86
OPS0001961,DOH,NBO,2026-01-02 08:40:00,2026-01-02 08:44:00,4,157,2885.519081038655,1.2283612704777624e-07,0,0.86
OPS0001833,DOH,NBO,2026-01-02 06:32:00,2026-01-02 06:34:00,2,161,2406.3350076064407,1.2275836525077466e-07,0,0.86
OPS0001881,DOH,NBO,2026-01-02 07:20:00,2026-01-02 07:20:00,0,164,1961.3967257644074,1.2216310096846428e-07,0,0.86
OPS0001766,ATL,LHR,2026-01-02 05:25:00,2026-01-02 05:30:00,5,161,2886.157007944332,1.2134472626712522e-07,0,0.86
OPS0001539,GVA,ZRH,2026-01-02 01:38:00,2026-01-02 01:42:00,4,163,2603.957917963162,1.2132390736496745e-07,0,0.86
OPS0001507,GVA,ZRH,2026-01-02 01:06:00,2026-01-02 01:06:00,0,141,2403.8884353082253,1.213115297105105e-07,0,0.86
OPS0001946,FRA,SIN,2026-01-02 08:25:00,2026-01-02 08:32:00,7,169,2981.8214646628476,1.2098790591608122e-07,0,0.86
OPS0001854,GVA,ZRH,2026-01-02 06:53:00,2026-01-02 06:55:00,2,159,2532.1335959225953,1.1717941816868915e-07,0,0.86
OPS0001544,ATL,LHR,2026-01-02 01:43:00,2026-01-02 01:48:00,5,157,3065.446441098529,1.1575924219187073e-07,0,0.86
OPS0001562,DOH,NBO,2026-01-02 02:01:00,2026-01-02 02:07:00,6,166,2939.851270121676,1.1162256896568579e-07,0,0.86
OPS0001738,ATL,LHR,2026-01-02 04:57:00,2026-01-02 04:57:00,0,134,2244.06150812376,1.114817109737487e-07,0,0.86
OPS0001822,DOH,NBO,2026-01-02 06:21:00,2026-01-02 06:22:00,1,148,2638.3853804143914,1.0940744488152632e-07,0,0.86
OPS0001519,ATL,LHR,2026-01-02 01:18:00,2026-01-02 01:23:00,5,167,2741.785284717573,1.0627600488533062e-07,0,0.86
OPS0001858,ATL,LHR,2026-01-02 06:57:00,2026-01-02 07:01:00,4,153,2922.7140642797744,1.0490371238347507e-07,0,0.86
OPS0001824,DOH,NBO,2026-01-02 06:23:00,2026-01-02 06:31:00,8,159,3365.9032137701915,1.0422342455740363e-07,0,0.86
OPS0001835,ATL,LHR,2026-01-02 06:34:00,2026-01-02 06:40:00,6,153,3266.442335896012,1.0363785207800902e-07,0,0.86
OPS0001908,ATL,LHR,2026-01-02 07:47:00,2026-01-02 07:47:00,0,144,2101.8840576416046,1.022939599693018e-07,0,0.86
OPS0001756,DOH,NBO,2026-01-02 05:15:00,2026-01-02 05:23:00,8,166,3308.0661071992636,1.0036441011607167e-07,0,0.86
OPS0001947,ATL,LHR,2026-01-02 08:26:00,2026-01-02 08:32:00,6,169,2802.34194916291,9.988945492978019e-08,0,0.86
OPS0001847,ATL,LHR,2026-01-02 06:46:00,2026-01-02 06:46:00,0,150,2039.4713456235656,9.86679111747435e-08,0,0.86
OPS0001741,ATL,LHR,2026-01-02 05:00:00,2026-01-02 05:07:00,7,149,3525.800229488416,9.708634252092452e-08,0,0.86
OPS0001599,GVA,ZRH,2026-01-02 02:38:00,2026-01-02 02:38:00,0,137,2154.741250718728,9.58323411737183e-08,0,0.86
OPS0001752,ATL,LHR,2026-01-02 05:11:00,2026-01-02 05:17:00,6,158,3213.068783178433,9.311253279520315e-08,0,0.86
OPS0001542,ATL,LHR,2026-01-02 01:41:00,2026-01-02 01:47:00,6,174,2752.3406029507787,8.967278120053379e-08,0,0.86
OPS0001888,ATL,LHR,2026-01-02 07:27:00,2026-01-02 07:32:00,5,164,2864.8152430755867,8.914837934526076e-08,0,0.86
OPS0001718,DOH,NBO,2026-01-02 04:37:00,2026-01-02 04:43:00,6,168,2953.2913267583253,8.821537278436153e-08,0,0.86
OPS0001767,FRA,SIN,2026-01-02 05:26:00,2026-01-02 05:35:00,9,169,3334.769375945303,8.80746569009716e-08,0,0.86
OPS0001735,FRA,SIN,2026-01-02 04:54:00,2026-01-02 05:01:00,7,178,2668.389338204551,8.790464534058628e-08,0,0.86
OPS0001827,DOH,NBO,2026-01-02 06:26:00,2026-01-02 06:26:00,0,135,1781.3465652301297,8.724585853769895e-08,0,0.86
OPS0001883,DOH,NBO,2026-01-02 07:22:00,2026-01-02 07:24:00,2,158,2424.0514955210333,8.689129771255466e-08,0,0.86
OPS0001504,DOH,NBO,2026-01-02 01:03:00,2026-01-02 01:08:00,5,157,3021.895293009949,8.664206063713209e-08,0,0.86
OPS0001987,ATL,LHR,2026-01-02 09:06:00,2026-01-02 09:06:00,0,156,2081.9780715326597,8.587276312255199e-08,0,0.86
OPS0001633,DOH,NBO,2026-01-02 03:12:00,2026-01-02 03:19:00,7,163,3209.9235146983465,8.347794988594615e-08,0,0.86
OPS0001506,DOH,NBO,2026-01-02 01:05:00,2026-01-02 01:11:00,6,161,3069.099148986904,8.280542118654921e-08,0,0.86
OPS0001619,FRA,SIN,2026-01-02 02:58:00,2026-01-02 03:04:00,6,159,3059.057153468432,8.137809714980904e-08,0,0.86
OPS0001846,DOH,NBO,2026-01-02 06:45:00,2026-01-02 06:47:00,2,156,2524.700191534096,7.992429118530708e-08,0,0.86
OPS0001697,ATL,LHR,2026-01-02 04:16:00,2026-01-02 04:17:00,1,163,2199.7324015281833,7.961634196362866e-08,0,0.86
OPS0001586,FRA,SIN,2026-01-02 02:25:00,2026-01-02 02:30:00,5,162,2895.133620408668,7.797417822530406e-08,0,0.86
OPS0001522,DOH,NBO,2026-01-02 01:21:00,2026-01-02 01:21:00,0,131,1969.1189660676926,7.652890587905858e-08,0,0.86
OPS0001841,ATL,LHR,2026-01-02 06:40:00,2026-01-02 06:45:00,5,158,2938.4342481006474,7.445685668017177e-08,0,0.86
OPS0001857,ATL,LHR,2026-01-02 06:56:00,2026-01-02 07:00:00,4,156,2933.7640623561847,7.421568426480007e-08,0,0.86
OPS0001681,GVA,ZRH,2026-01-02 04:00:00,2026-01-02 04:00:00,0,143,1561.5715254160557,7.288316083986501e-08,0,0.86
OPS0001901,DOH,NBO,2026-01-02 07:40:00,2026-01-02 07:40:00,0,135,2258.605148676477,7.230494247778552e-08,0,0.86
OPS0001729,ATL,LHR,2026-01-02 04:48:00,2026-01-02 04:48:00,0,154,2317.652722285647,7.208008412362688e-08,0,0.86
OPS0001597,ATL,LHR,2026-01-02 02:36:00,2026-01-02 02:36:00,0,144,2456.285840569274,6.839325550345166e-08,0,0.86
OPS0001784,ATL,LHR,2026-01-02 05:43:00,2026-01-02 05:43:00,0,151,1889.1834993800549,6.793781182068415e-08,0,0.86
OPS0001594,DOH,NBO,2026-01-02 02:33:00,2026-01-02 02:35:00,2,150,2766.747118303913,6.752338777005207e-08,0,0.86
OPS0001986,FRA,SIN,2026-01-02 09:05:00,2026-01-02 09:05:00,0,162,2000.5324966256019,6.671456986850899e-08,0,0.86
OPS0001724,DOH,NBO,2026-01-02 04:43:00,2026-01-02 04:45:00,2,151,2740.3979977276736,6.540996366766194e-08,0,0.86
OPS0001709,FRA,SIN,2026-01-02 04:28:00,2026-01-02 04:34:00,6,164,3001.420717620942,6.26455260999137e-08,0,0.86
OPS0001935,GVA,ZRH,2026-01-02 08:14:00,2026-01-02 08:15:00,1,150,2526.384254471944,6.000821883844765e-08,0,0.86
OPS0001812,DOH,NBO,2026-01-02 06:11:00,2026-01-02 06:17:00,6,172,2775.4050257125023,5.910538547482247e-08,0,0.86
OPS0001549,ATL,LHR,2026-01-02 01:48:00,2026-01-02 01:48:00,0,144,2220.636273237213,5.881996045786764e-08,0,0.86
OPS0001655,FRA,SIN,2026-01-02 03:34:00,2026-01-02 03:39:00,5,159,2991.5375905954456,5.8659406221295285e-08,0,0.86
OPS0001838,DOH,NBO,2026-01-02 06:37:00,2026-01-02 06:39:00,2,155,2520.4435139561465,5.855131490761778e-08,0,0.86
OPS0001851,ATL,LHR,2026-01-02 06:50:00,2026-01-02 06:50:00,0,125,2055.467514066304,5.723272877844465e-08,0,0.86
OPS0001503,ATL,LHR,2026-01-02 01:02:00,2026-01-02 01:06:00,4,147,3097.1215178709595,5.636110600448774e-08,0,0.86
OPS0001852,FRA,SIN,2026-01-02 06:51:00,2026-01-02 06:51:00,0,149,2206.3349188239727,5.3629978680191925e-08,0,0.86
OPS0001630,DOH,NBO,2026-01-02 03:09:00,2026-01-02 03:13:00,4,164,2616.509537661193,5.262329239030805e-08,0,0.86
OPS0001520,ATL,LHR,2026-01-02 01:19:00,2026-01-02 01:19:00,0,142,2592.0282696378763,4.996089941755599e-08,0,0.86
OPS0001898,ATL,LHR,2026-01-02 07:37:00,2026-01-02 07:38:00,1,142,2742.8697771752954,4.8790436579793095e-08,0,0.86
OPS0001780,DOH,NBO,2026-01-02 05:39:00,2026-01-02 05:43:00,4,161,2665.975029136044,4.835888489651552e-08,0,0.86
OPS0001932,DOH,NBO,2026-01-02 08:11:00,2026-01-02 08:13:00,2,147,2724.029122119664,4.56701414464078e-08,0,0.86
OPS0001536,DOH,NBO,2026-01-02 01:35:00,2026-01-02 01:35:00,0,144,2417.3851752664523,4.5664044989734975e-08,0,0.86
OPS0001605,ATL,LHR,2026-01-02 02:44:00,2026-01-02 02:44:00,0,149,2047.0817265796236,4.4504336216277807e-08,0,0.86
OPS0001808,DOH,NBO,2026-01-02 06:07:00,2026-01-02 06:11:00,4,164,2596.4530559301634,4.325553604189736e-08,0,0.86
OPS0001583,DOH,NBO,2026-01-02 02:22:00,2026-01-02 02:22:00,0,155,1753.384104526565,4.222508565021599e-08,0,0.86
OPS0001742,ATL,LHR,2026-01-02 05:01:00,2026-01-02 05:03:00,2,151,2747.659771662881,4.166967215724071e-08,0,0.86
OPS0001601,FRA,SIN,2026-01-02 02:40:00,2026-01-02 02:44:00,4,157,2819.6591794895967,4.0792222932850564e-08,0,0.86
OPS0001743,ATL,LHR,2026-01-02 05:02:00,2026-01-02 05:05:00,3,158,2589.3535742663717,3.9107796112602955e-08,0,0.86
OPS0001502,FRA,SIN,2026-01-02 01:01:00,2026-01-02 01:01:00,0,163,2005.412157135669,3.909407553237543e-08,0,0.86
OPS0001701,FRA,SIN,2026-01-02 04:20:00,2026-01-02 04:25:00,5,165,2807.794842475399,3.8872276064694233e-08,0,0.86
OPS0001980,ATL,LHR,2026-01-02 08:59:00,2026-01-02 09:00:00,1,165,2155.5920514412037,3.8479026187587806e-08,0,0.86
OPS0001885,ATL,LHR,2026-01-02 07:24:00,2026-01-02 07:24:00,0,158,2133.830830417862,3.545036264540613e-08,0,0.86
OPS0001579,FRA,SIN,2026-01-02 02:18:00,2026-01-02 02:24:00,6,165,2964.399365904081,3.482302446400354e-08,0,0.86
OPS0001526,ATL,LHR,2026-01-02 01:25:00,2026-01-02 01:29:00,4,153,2964.7911706209507,3.479799559613639e-08,0,0.86
OPS0001810,ATL,LHR,2026-01-02 06:09:00,2026-01-02 06:12:00,3,159,2627.8236428995465,3.372923984557019e-08,0,0.86
OPS0001941,ATL,LHR,2026-01-02 08:20:00,2026-01-02 08:20:00,0,138,2331.2697266327923,3.1815645229471556e-08,0,0.86
OPS0001722,ATL,LHR,2026-01-02 04:41:00,2026-01-02 04:41:00,0,146,1882.196480850011,3.122385550113904e-08,0,0.86
OPS0001565,GVA,ZRH,2026-01-02 02:04:00,2026-01-02 02:08:00,4,169,2490.206586575598,3.0178174625916654e-08,0,0.86
OPS0001800,DOH,NBO,2026-01-02 05:59:00,2026-01-02 06:00:00,1,157,2363.9995063940487,2.8290514819673263e-08,0,0.86
OPS0001855,GVA,ZRH,2026-01-02 06:54:00,2026-01-02 06:57:00,3,165,2420.4028987430956,2.7721428708105122e-08,0,0.86
OPS0001635,FRA,SIN,2026-01-02 03:14:00,2026-01-02 03:14:00,0,153,2252.2989452682036,2.5858492236352504e-08,0,0.86
OPS0001679,FRA,SIN,2026-01-02 03:58:00,2026-01-02 04:04:00,6,158,3179.97073329163,2.5146754012439487e-08,0,0.86
OPS0001750,DOH,NBO,2026-01-02 05:09:00,2026-01-02 05:12:00,3,167,2457.2686540714844,2.5074669451896625e-08,0,0.86
OPS0001978,FRA,SIN,2026-01-02 08:57:00,2026-01-02 09:02:00,5,165,2774.71527945029,2.4819154731403614e-08,0,0.86
OPS0001972,FRA,SIN,2026-01-02 08:51:00,2026-01-02 08:58:00,7,171,2943.04550687954,2.343966443163481e-08,0,0.86
OPS0001714,FRA,SIN,2026-01-02 04:33:00,2026-01-02 04:33:00,0,137,2149.4032796384363,2.327691461800896e-08,0,0.86
OPS0001989,FRA,SIN,2026-01-02 09:08:00,2026-01-02 09:08:00,0,169,1642.633525563625,2.3212892941160135e-08,0,0.86
OPS0001624,ATL,LHR,2026-01-02 03:03:00,2026-01-02 03:07:00,4,168,2542.148477360939,2.319116276794375e-08,0,0.86
OPS0001751,DOH,NBO,2026-01-02 05:10:00,2026-01-02 05:14:00,4,157,2847.2333787183993,2.294788181700369e-08,0,0.86
OPS0001886,ATL,LHR,2026-01-02 07:25:00,2026-01-02 07:25:00,0,141,2237.5867989325707,2.2416251965751144e-08,0,0.86
OPS0001581,FRA,SIN,2026-01-02 02:20:00,2026-01-02 02:20:00,0,142,2025.936759704093,2.1465467625603196e-08,0,0.86
OPS0001517,ATL,LHR,2026-01-02 01:16:00,2026-01-02 01:18:00,2,156,2521.0885461180205,2.081921834928835e-08,0,0.86
OPS0001569,DOH,NBO,2026-01-02 02:08:00,2026-01-02 02:09:00,1,139,2762.878617089713,2.001191035105876e-08,0,0.86
OPS0001803,ATL,LHR,2026-01-02 06:02:00,2026-01-02 06:02:00,0,143,2427.125885843231,2.0006298839803094e-08,0,0.86
OPS0001590,ATL,LHR,2026-01-02 02:29:00,2026-01-02 02:32:00,3,156,2701.5374051961458,1.765802259967586e-08,0,0.86
OPS0001763,ATL,LHR,2026-01-02 05:22:00,2026-01-02 05:27:00,5,166,2689.9915080265027,1.7265302076907574e-08,0,0.86
OPS0001874,FRA,SIN,2026-01-02 07:13:00,2026-01-02 07:17:00,4,163,2673.9574594844507,1.666396798327696e-08,0,0.86
OPS0001589,ATL,LHR,2026-01-02 02:28:00,2026-01-02 02:30:00,2,165,2331.24418580774,1.6560138149657178e-08,0,0.86
OPS0001693,ATL,LHR,2026-01-02 04:12:00,2026-01-02 04:12:00,0,155,2345.3500000599543,1.6553222792481392e-08,0,0.86
OPS0001567,ATL,LHR,2026-01-02 02:06:00,2026-01-02 02:12:00,6,161,3106.1483073437134,1.4678103177345747e-08,0,0.86
OPS0001948,FRA,SIN,2026-01-02 08:27:00,2026-01-02 08:27:00,0,139,2369.3972500141867,1.4205192577776415e-08,0,0.86
OPS0001944,ATL,LHR,2026-01-02 08:23:00,2026-01-02 08:26:00,3,151,2825.89758487227,1.4109871493417359e-08,0,0.86
OPS0001545,DOH,NBO,2026-01-02 01:44:00,2026-01-02 01:48:00,4,168,2578.476060482121,1.3937322407286956e-08,0,0.86
OPS0001588,DOH,NBO,2026-01-02 02:27:00,2026-01-02 02:32:00,5,158,3031.4808959260504,1.3845383506350117e-08,0,0.86
OPS0001728,FRA,SIN,2026-01-02 04:47:00,2026-01-02 04:51:00,4,162,2662.7517740554067,1.3706988433170864e-08,0,0.86
OPS0001702,FRA,SIN,2026-01-02 04:21:00,2026-01-02 04:21:00,0,157,1890.3674031829273,1.3370988760641467e-08,0,0.86
OPS0001557,FRA,SIN,2026-01-02 01:56:00,2026-01-02 01:56:00,0,141,2472.3801748761966,1.3158067524443595e-08,0,0.86
OPS0001796,ATL,LHR,2026-01-02 05:55:00,2026-01-02 05:59:00,4,156,2899.538208101013,1.2163654083963138e-08,0,0.86
OPS0001758,FRA,SIN,2026-01-02 05:17:00,2026-01-02 05:22:00,5,158,2934.3709416019396,1.1864536908490209e-08,0,0.86
OPS0001879,DOH,NBO,2026-01-02 07:18:00,2026-01-02 07:18:00,0,150,2284.255539389565,1.146267081253427e-08,0,0.86
OPS0001560,FRA,SIN,2026-01-02 01:59:00,2026-01-02 02:03:00,4,165,2699.32431738886,1.0721864285301308e-08,0,0.86
OPS0001792,ATL,LHR,2026-01-02 05:51:00,2026-01-02 05:51:00,0,137,1699.824519764065,1.0435825537058463e-08,0,0.86
OPS0001801,DOH,NBO,2026-01-02 06:00:00,2026-01-02 06:03:00,3,153,2779.7060055456213,1.0431904229335487e-08,0,0.86
OPS0001922,ATL,LHR,2026-01-02 08:01:00,2026-01-02 08:01:00,0,145,2333.6371976501655,1.0343460310480168e-08,0,0.86
OPS0001753,FRA,SIN,2026-01-02 05:12:00,2026-01-02 05:20:00,8,168,3142.610338243481,1.0226719027173203e-08,0,0.86
OPS0001665,FRA,SIN,2026-01-02 03:44:00,2026-01-02 03:49:00,5,156,2936.467974689826,8.851888999572566e-09,0,0.86
OPS0001861,DOH,NBO,2026-01-02 07:00:00,2026-01-02 07:00:00,0,150,2451.4938198253794,8.37084712657088e-09,0,0.86
OPS0001757,ATL,LHR,2026-01-02 05:16:00,2026-01-02 05:16:00,0,169,1475.4826397702536,7.871276075377409e-09,0,0.86
OPS0001761,ATL,LHR,2026-01-02 05:20:00,2026-01-02 05:20:00,0,148,2489.976497971754,7.842638538591018e-09,0,0.86
OPS0001564,FRA,SIN,2026-01-02 02:03:00,2026-01-02 02:10:00,7,160,3163.819103282701,7.683294001026297e-09,0,0.86
OPS0001688,DOH,NBO,2026-01-02 04:07:00,2026-01-02 04:13:00,6,159,3090.517862744461,7.361085962998004e-09,0,0.86
OPS0001952,ATL,LHR,2026-01-02 08:31:00,2026-01-02 08:31:00,0,138,2435.3293061321574,7.10134617776248e-09,0,0.86
OPS0001731,FRA,SIN,2026-01-02 04:50:00,2026-01-02 04:50:00,0,164,2073.782832436939,6.9711836303554264e-09,0,0.86
OPS0001970,DOH,NBO,2026-01-02 08:49:00,2026-01-02 08:50:00,1,160,2235.7569004395255,6.8514780515727125e-09,0,0.86
OPS0001570,DOH,NBO,2026-01-02 02:09:00,2026-01-02 02:09:00,0,148,2523.5399220642826,6.543315222984347e-09,0,0.86
OPS0001866,FRA,SIN,2026-01-02 07:05:00,2026-01-02 07:12:00,7,173,2842.1393696373807,6.138252572895908e-09,0,0.86
OPS0001993,ATL,LHR,2026-01-02 09:12:00,2026-01-02 09:12:00,0,133,1996.5910857405072,5.77891778874573e-09,0,0.86
OPS0001523,FRA,SIN,2026-01-02 01:22:00,2026-01-02 01:27:00,5,157,3026.8259287276405,5.681017878345074e-09,0,0.86
OPS0001568,ATL,LHR,2026-01-02 02:07:00,2026-01-02 02:08:00,1,156,2377.9097278147565,5.6449733776275934e-09,0,0.86
OPS0001802,DOH,NBO,2026-01-02 06:01:00,2026-01-02 06:02:00,1,157,2374.7932516214796,5.237782652045553e-09,0,0.86
OPS0001971,ATL,LHR,2026-01-02 08:50:00,2026-01-02 08:55:00,5,172,2549.035198127595,5.028055749534133e-09,0,0.86
OPS0001755,ATL,LHR,2026-01-02 05:14:00,2026-01-02 05:15:00,1,156,2381.888897046769,4.212981519202685e-09,0,0.86
OPS0001670,FRA,SIN,2026-01-02 03:49:00,2026-01-02 03:52:00,3,159,2566.622523214862,3.991160291150209e-09,0,0.86
OPS0001981,FRA,SIN,2026-01-02 09:00:00,2026-01-02 09:02:00,2,163,2322.478022564607,3.570481466041997e-09,0,0.86
OPS0001609,DOH,NBO,2026-01-02 02:48:00,2026-01-02 02:48:00,0,158,2179.265897291399,3.1376610198918797e-09,0,0.86
OPS0001632,FRA,SIN,2026-01-02 03:11:00,2026-01-02 03:11:00,0,146,2324.3087484032044,3.1289415503010787e-09,0,0.86
OPS0001744,FRA,SIN,2026-01-02 05:03:00,2026-01-02 05:03:00,0,146,2304.8941636416357,2.3332287213406744e-09,0,0.86
OPS0001895,ATL,LHR,2026-01-02 07:34:00,2026-01-02 07:35:00,1,149,2592.1857579877556,2.250174269136096e-09,0,0.86
OPS0001862,FRA,SIN,2026-01-02 07:01:00,2026-01-02 07:06:00,5,159,2903.840427746897,2.1750987677648936e-09,0,0.86
OPS0001652,ATL,LHR,2026-01-02 03:31:00,2026-01-02 03:31:00,0,138,2331.4710529083927,2.0163777314508025e-09,0,0.86
OPS0001561,FRA,SIN,2026-01-02 02:00:00,2026-01-02 02:02:00,2,156,2553.8406073162705,1.6098026245359165e-09,0,0.86
OPS0001958,ATL,LHR,2026-01-02 08:37:00,2026-01-02 08:41:00,4,154,2942.661566950006,1.1307725866771534e-09,0,0.86
OPS0001863,FRA,SIN,2026-01-02 07:02:00,2026-01-02 07:06:00,4,162,2712.9677723393647,7.185338990467471e-10,0,0.86
OPS0001910,FRA,SIN,2026-01-02 07:49:00,2026-01-02 07:49:00,0,137,2164.4518598895024,5.333593566803074e-10,0,0.86
OPS0001760,FRA,SIN,2026-01-02 05:19:00,2026-01-02 05:19:00,0,149,1978.2066228051533,3.955705485392258e-10,0,0.86
OPS0001875,FRA,SIN,2026-01-02 07:14:00,2026-01-02 07:14:00,0,145,2318.7829700010784,3.675383053458603e-10,0,0.86
OPS0001713,FRA,SIN,2026-01-02 04:32:00,2026-01-02 04:32:00,0,145,2461.914548558368,3.396717351833445e-10,0,0.86
OPS0001516,ATL,LHR,2026-01-02 01:15:00,2026-01-02 01:15:00,0,139,2316.851268270029,2.9244417998341987e-10,0,0.86
